k_bend_saturated,k_bend_unsaturated,k_bend_cholesterol,w_c_default,w_c_U-S,w_c_U-C,w_c_C-S,Temperature,outer_typeOne,outer_typeTwo,inner_typeThr,inner_typeFour
1.559252552688121796e+01,4.214116706140338842e+00,4.409015560057014227e+00,1.098198799602687403e+00,8.741135632619262408e-01,2.408834964130073697e+00,2.306608283240348278e+00,1.370577988587319940e+00,2.097219817340374159e-01,2.890082009136676899e-01,6.626770645380020142e-01,1.216739155352115631e-01
1.745295438170433044e+01,9.724486696906387451e+00,6.614328119903802872e+00,1.874142732005566359e+00,2.399960389919578940e+00,2.384368235338479192e+00,1.016583561711013273e+00,9.592482442036270873e-01,7.092817597091197745e-01,2.441595487296581435e-01,3.088404811918735726e-01,4.363431461155414803e-01
1.401857896149158478e+01,5.335491647850721719e+00,1.071506567345932126e+01,1.589861292019486338e+00,1.860817179549485445e+00,2.267175443191081108e+00,1.339705626107752234e+00,1.176361211948096841e+00,3.924063034355640411e-01,6.063090831041335615e-01,6.281732514500617537e-01,2.583403319120407549e-01
1.492693060636520386e+01,6.835496930405497995e-01,1.416891524568200111e+00,1.978670786321163222e+00,1.319579212833196014e+00,1.350597884133458049e+00,8.700903328135609627e-01,8.118648933246731536e-01,4.028065271675587145e-01,1.682479426264762989e-01,6.056412830948829651e-01,3.625288292765617149e-01
1.603540433943271637e+01,6.193886638991534355e+00,3.801683056633919477e+00,1.200748936552554325e+00,2.008396010193973957e+00,1.319473697245121091e+00,2.134448748920112937e+00,1.258446262590587228e+00,5.031475551426410897e-01,1.235945940017700306e-01,3.721262596547604273e-01,2.790634825825691334e-01
8.179113671183586121e+00,4.038558408897370278e+00,2.233910942915827036e+00,1.384430415276438175e+00,1.636627692636102527e+00,1.785388201288879095e+00,1.387150420155376374e+00,1.397058514319360345e+00,7.664447948336601257e-01,2.164742417633533644e-01,2.240021318197250588e-01,6.676785677671432939e-01
4.984600082039833069e+00,4.294785129651427447e+00,7.053740837611258030e+00,2.184106290899217040e+00,2.108178742974996744e+00,2.148080348037183285e+00,8.853682125918567181e-01,1.284374383650720208e+00,1.131728120148181999e-01,7.408844202756882380e-01,1.964691750705242212e-01,2.635672442615032418e-01
1.642735639214515686e+01,3.375340672489255844e+00,5.154329653829336166e+00,1.242074464540928513e+00,1.232573945168405682e+00,1.613860433734953581e+00,1.190694565232843116e+00,1.130437994748354047e+00,2.535027094185352547e-01,6.960100419819355011e-01,2.361854434013366810e-01,7.395026922225952370e-01
9.854542464017868042e+00,2.651941984426230192e+00,1.155458606407046318e+01,1.629225522000342652e+00,9.971914257854224140e-01,1.745522453635931059e+00,9.720836935564876047e-01,1.309012087434530347e+00,1.869323909282684382e-01,1.064354754984378898e-01,3.191883571445942036e-01,4.625541262328625169e-01
5.435067638754844666e+00,5.107382275257259074e+00,1.961216079071164131e+00,1.719525496289134203e+00,1.333978575002402245e+00,2.325391303934156717e+00,2.071670384332537473e+00,1.576499143056571572e+00,4.835280410945416163e-01,3.606701917946338876e-01,1.119592435657978113e-01,1.002421483397483853e-01
9.200341209769248962e+00,7.893936896137892845e+00,3.693821328226476908e+00,2.043892780784517527e+00,2.155956701561808408e+00,8.032121718861162663e-01,1.239165168069302991e+00,6.632552746683358924e-01,2.207705438137054499e-01,6.683255068957805189e-01,3.466579742729664071e-01,1.583625294268131423e-01
6.267529070377349854e+00,7.140021017100662171e+00,8.155449183657765388e+00,1.519717451743781478e+00,1.884929124545305923e+00,1.132809335831552744e+00,1.145170542784035295e+00,1.444889074563980191e+00,6.806178018450737000e-01,2.811570376157760398e-01,6.163328692317009416e-01,3.364139795303344727e-01
1.651925651729106903e+01,8.637577303685247898e+00,7.355275275651365519e+00,1.683977154549211264e+00,1.760473259631544440e+00,2.424240252654999317e+00,1.444931740965694100e+00,7.346802283078431861e-01,1.388056106865406258e-01,1.294332765042781885e-01,2.104689776897430420e-01,6.314139559864997420e-01
8.625607982277870178e+00,1.512913136091083466e+00,8.561034764628857374e+00,2.295980668347328724e+00,1.388702408876270056e+00,1.110816223639994771e+00,2.403899991605430664e+00,8.772454451769590156e-01,3.754885658621788247e-01,2.363573029637336953e-01,3.621495299041271876e-01,2.216028898954391646e-01
4.084045648574829102e+00,8.919566643703728204e+00,4.942109645809978247e+00,9.585953103378415108e-01,9.427274979650974718e-01,1.258849696721881628e+00,1.378175409417599528e+00,6.410694638267159240e-01,2.789440341293811798e-01,4.836826547980308533e-01,1.689827255904674530e-01,3.593511737883091639e-01
1.580474513769149780e+01,7.422401704825460911e-01,8.380027220584452152e+00,2.090681750606745659e+00,1.725489184446632906e+00,2.007830429542809547e+00,1.212020947784185454e+00,1.546787479333579629e+00,7.424134306609631029e-01,2.066975541412830464e-01,3.051639452576637712e-01,2.864892765879630820e-01
7.917142957448959351e+00,9.104463309794663672e+00,6.811909595504403114e+00,1.902543567027896732e+00,1.247262429073452861e+00,1.541982630919665143e+00,1.959270658157765910e+00,1.189405297301709741e+00,5.806695580482482688e-01,1.029040575027465876e-01,2.534890986979008165e-01,6.727771997451782449e-01
1.470665483176708221e+01,4.660847873706370770e+00,1.137376207159832120e+01,1.435976492334157140e+00,2.169866977725178003e+00,9.414964273571968523e-01,2.223713973816484391e+00,6.042870203033089416e-01,5.450565107166767120e-01,1.360593661665916443e-01,3.637651830911636797e-01,4.289174057543277963e-01
1.776492416858673096e+01,5.033602073788643327e-01,3.979414690285921097e+00,1.709455868788063437e+00,1.869799645803868815e+00,1.060046228021383374e+00,1.913902278523892164e+00,1.386669592373073190e+00,1.531581752002239283e-01,5.239822603762149811e-01,6.990280829370021376e-01,2.509147405624390093e-01
1.631537279486656189e+01,9.049718147236854193e+00,1.043152670096606016e+01,2.200398147851228892e+00,1.155671512056142047e+00,8.638412673026323318e-01,9.334557358175517017e-01,1.223716144822537988e+00,4.486232586205005646e-01,1.807126104831695557e-01,6.085580743849277052e-01,1.126749046146869743e-01
1.526560184359550476e+01,3.263052712846547632e+00,2.052560629323124886e+00,1.617426705453544944e+00,1.955586356855928853e+00,9.016841998323799068e-01,1.808702369593083947e+00,1.071025610342621892e+00,3.030479304492473824e-01,2.398847535252571217e-01,2.684820599853992573e-01,6.278898522257805315e-01
1.182262428104877472e+01,4.160615159012377440e+00,1.024657783191651106e+01,2.353189690783620058e+00,1.091162585746496827e+00,2.066711621917784125e+00,1.875195793248713105e+00,9.141595358029007690e-01,4.681672804057598336e-01,3.982329897582531641e-01,1.019593283534050016e-01,3.503890343010426234e-01
7.403142750263214111e+00,6.655939914658665302e+00,3.258676596917212009e+00,1.007610151637345686e+00,1.477358892187476069e+00,2.215041979402303518e+00,8.497827373445034915e-01,7.097228284925222175e-01,1.647872388362884577e-01,1.438730500638485121e-01,3.166118904948234669e-01,2.126025915145874079e-01
6.954498916864395142e+00,2.749857699219137697e+00,8.271820323541760445e+00,1.260417492594569921e+00,2.410939490702003418e+00,2.471031804755329908e+00,2.000980172958224834e+00,8.924534250050782935e-01,4.319198116660117881e-01,5.514319822192191856e-01,3.761433660984039307e-01,1.509382255375385506e-01
1.025771848857402802e+01,5.205146006029099048e+00,5.242494385689496994e+00,1.994956177286803634e+00,2.070389416068792343e+00,1.759299092553555877e+00,9.215080258436501026e-01,6.259430231526493804e-01,1.355195708572864699e-01,7.033251419663429926e-01,1.927482903003692738e-01,4.136156618595123735e-01
1.481469988822937012e+01,7.400789039582013729e+00,6.965025001205503941e+00,1.019514010380953684e+00,1.188962114695459649e+00,1.025626968778669879e+00,1.040808102581650019e+00,7.811191868036985175e-01,2.951682873070240465e-01,6.585450045764446037e-01,2.278258495032787490e-01,5.895511202514172044e-01
1.854970097541809082e+01,9.544424052070827003e+00,8.652711074333637953e+00,9.072510404512286186e-01,1.907620346359908625e+00,2.102947324607521207e+00,2.241819375287741334e+00,1.379654852114617913e+00,4.075588092207909074e-01,3.626359052956104057e-01,4.182978384196758270e-01,5.440292268991470115e-01
1.065800586342811584e+01,5.815995788201689942e-01,7.443969177547842264e+00,1.573572690226137549e+00,1.535850439220666885e+00,1.002024923171848103e+00,1.288288043905049474e+00,1.237033234350383371e+00,2.692599721252918465e-01,4.711233735084533469e-01,1.667984485626220759e-01,1.092043295502662659e-01
6.116467401385307312e+00,8.025711117684840801e+00,6.071137808728963137e+00,1.668954059015959501e+00,1.033034704532474368e+00,1.581801153440028473e+00,2.387563715036958634e+00,1.535281146317720502e+00,3.726911291480065058e-01,2.239169508218765425e-01,3.517637014389037864e-01,4.715544663369656275e-01
7.557595804333686829e+00,1.412711170036345942e+00,1.120928493281826377e+01,2.239681695494800895e+00,2.018596909567713649e+00,1.404688179586082608e+00,1.415628702938556582e+00,1.325195169448852628e+00,2.306562125682830866e-01,6.807630784809589608e-01,3.425419434905052629e-01,3.082156375050544850e-01
8.974790543317794800e+00,3.752101159095764249e+00,4.233436721377074718e+00,9.061940765008330567e-01,2.239820251893251957e+00,1.499995792750269175e+00,1.101637447252869606e+00,1.044789761677384465e+00,6.707875892519951089e-01,2.687167778611183611e-01,6.196630723774433358e-01,1.864624075591564401e-01
1.900858895480632782e+01,9.965093030314893241e+00,9.725000370293855667e+00,2.325243824347853483e+00,1.721734275016933768e+00,1.287436753418296664e+00,2.457451881282031625e+00,1.312954873219132512e+00,3.691456966102123483e-01,5.061216399073601435e-01,3.497071251273154990e-01,5.975867547094821930e-01
1.115223337709903717e+01,3.835187045857310073e-01,1.137976479064673185e+01,1.662975075095892041e+00,1.243507728632539555e+00,1.777824534568935633e+00,1.497642564773559615e+00,1.420432430133223622e+00,1.074536800384521540e-01,6.101098768413066864e-01,2.978861577808856742e-01,1.620920918881893213e-01
6.000813454389572144e+00,1.755809805262833923e+00,7.250938052311539650e+00,1.100619530957192227e+00,1.832816276233643293e+00,2.223494636919349343e+00,1.625035626161843716e+00,1.384013998694717973e+00,1.922366388142109084e-01,4.379670485854149087e-01,4.240233294665813890e-01,3.611033998429775682e-01
1.070932887494564056e+01,9.162462980952113867e+00,6.243085864931344986e+00,2.260161052830517381e+00,2.223564991727471352e+00,2.058665051776915611e+00,2.252113320585340084e+00,1.118786298111081212e+00,4.904187723994255510e-01,2.914478853344917297e-01,2.074176423251629098e-01,2.237570777535438649e-01
1.414452224969863892e+01,8.244825938716530800e+00,8.819098860956728458e+00,1.285549382027238563e+00,1.354587950278073549e+00,8.798367575742305213e-01,2.371459222864359617e+00,1.272711239196360200e+00,3.305538102984428850e-01,3.466681413352489249e-01,1.721333384513855091e-01,7.981603719294071420e-01
1.856782086193561554e+01,8.002615088596940485e-01,4.666539947502315044e+00,2.073162402771413504e+00,1.001588331349194005e+00,1.489458518009632915e+00,1.292726364079862744e+00,1.476171363517642110e+00,2.271229870617389734e-01,1.985613964498043060e-01,3.590509057044982688e-01,6.359247714281082153e-01
5.168595388531684875e+00,1.245880825351923793e+00,1.046703496947884560e+00,2.150451894197613179e+00,1.494314454775303780e+00,8.130165498703718630e-01,2.398541686963290065e+00,1.510222752019763082e+00,7.967124283313751221e-01,1.209500752389431055e-01,7.039758265018463135e-01,1.756993092596531025e-01
1.035980746150016785e+01,3.894782825000584481e+00,8.443869719747453928e+00,9.887905484065413475e-01,8.522545237094164561e-01,1.142507902160286859e+00,1.659135392215103089e+00,7.308518834412097709e-01,3.050185486674308888e-01,5.330246508121491145e-01,2.330378822982311360e-01,3.037513673305511919e-01
6.913079008460044861e+00,6.389957108721136869e+00,5.049542665947228670e+00,2.359169080015271813e+00,1.291577397566288754e+00,1.386168969236314386e+00,1.065375931281596467e+00,1.025865869037807077e+00,2.029298312962055373e-01,7.873570770025253296e-01,4.480733923614025338e-01,2.660762198269367440e-01
7.479764714837074280e+00,3.180043731722980827e+00,1.005215782811865211e+01,1.974476414639502853e+00,2.277970947325229645e+00,1.589841390587389380e+00,1.784971939958631904e+00,8.336041023954748885e-01,3.952821306884288788e-01,3.173225827515125386e-01,4.576094932854175568e-01,1.043005585670471191e-01
1.181033325195312500e+01,5.635483690630644027e+00,3.429257709067314863e+00,1.268057028576731637e+00,1.778047465439885899e+00,9.935655273497104867e-01,1.137153387814760164e+00,1.067642992734909146e+00,2.971511125564575417e-01,1.654081083834171295e-01,2.738161154091358629e-01,4.670892901718616264e-01
1.536761443316936493e+01,7.212224924564361039e+00,1.163168071256950498e+01,2.211339535657316446e+00,9.499518698081375057e-01,1.946586606279015585e+00,8.318033624440431817e-01,9.722927300259470718e-01,1.320244908332824929e-01,4.226852178573609065e-01,1.088567182421684293e-01,5.422434970736503823e-01
1.630215100944042206e+01,1.505918331444263680e-01,2.895456235390156507e+00,1.633335588872432798e+00,1.737143170181661755e+00,1.932108676992356777e+00,1.697854742966592223e+00,1.320465516671538442e+00,2.165272876620292775e-01,3.572631016373634116e-01,5.672190621495246665e-01,2.043761618435382954e-01
6.553847491741180420e+00,4.257286336366086665e+00,3.515937202610075474e+00,1.782858187798410654e+00,2.067451823782175957e+00,1.523461792990565389e+00,2.219853133987635285e+00,8.587993331253528373e-01,5.529195375740528773e-01,4.086143828928471278e-01,1.621455460786819514e-01,7.024913869798183885e-01
1.811183224618434906e+01,3.321069256775081247e+00,1.118492446467280388e+01,8.464298035949469057e-01,1.191847833432257087e+00,2.270856943726539789e+00,2.313214953895658343e+00,1.016889927349984735e+00,6.180515237152576224e-01,1.544656872749328724e-01,2.208065234124660658e-01,2.757748633623123280e-01
1.350827856361865997e+01,6.470587508566677748e+00,7.784031452611088753e+00,9.478385387919843197e-01,1.688612560648471206e+00,1.444190277252346277e+00,2.140063242148607880e+00,6.290867192670702712e-01,1.245537929236888997e-01,2.331363447010517120e-01,7.178030222654342429e-01,1.237807057797908894e-01
1.721773284673690796e+01,3.976031893119216232e+00,5.698053922504186630e+00,2.293423752300441265e+00,2.128342364169657053e+00,8.719868886284530829e-01,1.539455383364111363e+00,8.930939085781574027e-01,4.209037661552429421e-01,4.874959982931613700e-01,5.008082836866378784e-01,4.610796287655830605e-01
1.664384463429450989e+01,5.406803114805370569e+00,1.228416522126644850e+01,2.041446489468216718e+00,1.415045575145632117e+00,1.041625916864723056e+00,2.267556462995707900e+00,7.162225008010864036e-01,1.757560655474662836e-01,8.171992421150208186e-01,5.915926113724708779e-01,3.244033418595790863e-01
1.582773245871067047e+01,9.641111512109636905e+00,5.292293400969356298e+00,1.528891839366406380e+00,1.144017551653087050e+00,9.462226501666010092e-01,1.949859076179563999e+00,1.434886306896805852e+00,5.229049623012542725e-01,4.301474355161190033e-01,4.706116653978824615e-01,1.961559936404228266e-01
4.032738044857978821e+00,1.839932814240455849e-01,8.727403358556330204e+00,2.025151402689516544e+00,1.955002800002694219e+00,2.333946093637496055e+00,2.103147320542484433e+00,7.771272793412208335e-01,4.610079571604729365e-01,2.539831191301346047e-01,2.036692917346954457e-01,4.737078942358493583e-01
8.741246759891510010e+00,7.628104562126099886e+00,4.754707421176135540e+00,1.323605891596526085e+00,2.288923636358231484e+00,1.737373751308769032e+00,1.455225268285721629e+00,9.794288253411650436e-01,1.591655738651752694e-01,4.004321813583374690e-01,4.151952803134918435e-01,1.109573215246200673e-01
1.659778591990470886e+01,2.377818278502672911e+00,6.333884794265031815e+00,1.082289105560630516e+00,1.066947539616376117e+00,1.380665589962154716e+00,2.408338729757815599e+00,6.220007104799151199e-01,3.208515807986259682e-01,3.091083951294422150e-01,1.637462787330150604e-01,5.481111839413642661e-01
1.092276883125305176e+01,5.695140710473060253e+00,7.968002940062433481e+00,1.154265641327947289e+00,1.372143962979316623e+00,2.461332985106855720e+00,8.415256189182400703e-01,1.302806388959288686e+00,5.574457988142967890e-01,2.097204938530922158e-01,7.748795337975025177e-01,1.838941283524036518e-01
5.605710193514823914e+00,9.349752676207572222e+00,3.858853245154023170e+00,2.303490099310875117e+00,1.181633976753801107e+00,2.130082555208355100e+00,1.594183943234384060e+00,1.082677903026342481e+00,1.407259702682495117e-01,6.475718624889850172e-01,2.879137083888053672e-01,3.119459658861160056e-01
5.447343260049819946e+00,4.096553783491254208e+00,1.171951642679050565e+01,1.051708253100514412e+00,2.347084360476583420e+00,1.266992066055536270e+00,1.094359586946666241e+00,1.467682034149766057e+00,2.515167236328125222e-01,1.778700970113277491e-01,2.653834208846092002e-01,2.171385273337364252e-01
9.777935668826103210e+00,6.591878280974924564e+00,1.772397557739168406e+00,2.202848074305802761e+00,1.896582980453968004e+00,1.102254695631563752e+00,1.721541288122534930e+00,1.171691577322781175e+00,3.534102253615856171e-01,3.298609666526317596e-01,4.534721001982688904e-01,3.544466905295848846e-01
1.333714580535888672e+01,6.251902832556515577e+00,1.014332690229639411e+01,1.236536155641078993e+00,1.019065922591835260e+00,1.836238909326493696e+00,2.053691402077674866e+00,1.329057377204299062e+00,4.132652930915355904e-01,2.816689088940620422e-01,3.135605700314044730e-01,6.300678193569183572e-01
1.789033390581607819e+01,3.796009650733322083e+00,3.340212855022400618e+00,2.015951752755790860e+00,1.524812889657914727e+00,2.445975974574685186e+00,9.750625627115369065e-01,1.564256816543638795e+00,1.166708350181579618e-01,4.352475509047508684e-01,1.051602967083454243e-01,7.922927267849445565e-01
1.277004095911979675e+01,4.512087132781744003e+00,4.961353257764130831e+00,9.837223613634705766e-01,1.998091471381485462e+00,1.986971152760088399e+00,9.025097957812250327e-01,1.523514412716031163e+00,1.834374077618122212e-01,6.136358015239238295e-01,3.792428724467754586e-01,5.933057971298695277e-01
4.882495939731597900e+00,5.450480910483747721e+00,6.616463103797286749e+00,1.649627464823424816e+00,1.626322944834828421e+00,1.496620425954461098e+00,1.862263970915228217e+00,1.134799171611666768e+00,3.467010542750358359e-01,5.205598875880241838e-01,2.308749675750732533e-01,1.538974516093730982e-01
1.983745345473289490e+01,7.706381957232951940e+00,8.129337917547672987e+00,1.984130870085209608e+00,1.117944413144141391e+00,1.998128364235162824e+00,1.733450192678719803e+00,6.442742621526121871e-01,2.680378608405590279e-01,5.540730811655522059e-01,7.439031742513180223e-01,2.538263782858848350e-01
1.263022036850452423e+01,7.339115677494555179e+00,3.607282438315451145e+00,1.473238203302025706e+00,1.229584469832480043e+00,1.690120121836662381e+00,2.481987296137958765e+00,1.362425852008164018e+00,6.333508200943469557e-01,1.919060453772545027e-01,2.183018654584884810e-01,4.256280206143856493e-01
1.826973044872283936e+01,1.712707933504134639e+00,1.587448003236204386e+00,2.342462089005857617e+00,2.044878759793937295e+00,1.828297838941216558e+00,1.219717095978558152e+00,9.656844524666666763e-01,3.352558739483356698e-01,1.474968373775482344e-01,7.593993641436099784e-01,1.171607725322246635e-01
5.997934937477111816e+00,1.570913157612085387e+00,5.201474593486636877e+00,1.840173610858619302e+00,2.165573838260024697e+00,2.480071556102484642e+00,1.688132879137993037e+00,9.313885061070322768e-01,6.909109890460968240e-01,1.689077496528625377e-01,3.019683159887790458e-01,6.694635376334190369e-01
1.742995171248912811e+01,1.289700241666287273e+00,7.075534539762884378e+00,8.954438279382884724e-01,1.281428412906825631e+00,1.314239185210317462e+00,1.993275042995810598e+00,1.085046416521072477e+00,5.257630050182342529e-01,4.175846435129643153e-01,4.685020640492439936e-01,3.462044604122638813e-01
1.554019555449485779e+01,5.523902783077209833e+00,8.913059615530073643e+00,1.673034956119954675e+00,1.993475238420069129e+00,1.342141740303486763e+00,1.555701294448226690e+00,1.485241074487567037e+00,4.307945847511291948e-01,4.749332986772060172e-01,5.099734984338283317e-01,2.110311605036258864e-01
7.644799411296844482e+00,9.500975596997886186e+00,9.870262986049056053e+00,8.112008853815496634e-01,1.100314074847847268e+00,1.189126504957676023e+00,1.107519229222089008e+00,1.591927602328360170e+00,1.989652059972286391e-01,4.207620359957218170e-01,6.417798325419425964e-01,1.550326921045780404e-01
1.381304123997688293e+01,3.553966089151799679e+00,2.834113959688693285e+00,1.002241144236177162e+00,1.352100070193409831e+00,1.807852991670370058e+00,2.249257753230631263e+00,8.954749800264835136e-01,7.356310926377773729e-01,1.228846594691276606e-01,4.462724387645721214e-01,5.129101261496543662e-01
5.956685900688171387e+00,6.330508204828947605e+00,1.628525105770677328e+00,1.611394304316490889e+00,1.830330169387161643e+00,1.315377627871930688e+00,1.295674541965126991e+00,7.842016205191612022e-01,5.973155707120895164e-01,2.175289861857891138e-01,1.951716952025890350e-01,1.274080216884613259e-01
6.874832198023796082e+00,5.917234682012349367e+00,7.101177287753671408e+00,1.837338461074978113e+00,1.491824953444301993e+00,1.824040168989449651e+00,2.115716857649386107e+00,6.569864464923739211e-01,3.885100997984409776e-01,3.469910219311714283e-01,6.769314527511596236e-01,3.107618972659110801e-01
1.197351902723312378e+01,7.366855425946414293e+00,1.159734091022983193e+01,1.122258291579782963e+00,1.977895992062985941e+00,2.283100132178515373e+00,2.201657791342586101e+00,6.786791890859603660e-01,3.115739256143570390e-01,5.002434216439723969e-01,8.012093409895897356e-01,1.097976669669151334e-01
4.554898127913475037e+00,7.695521028246730566e+00,4.564473470672965050e+00,2.338717269618064254e+00,2.275486464891582905e+00,2.375080922525376170e+00,1.881025897990912243e+00,1.460832700505852788e+00,7.902047589421272722e-01,1.381673395633697676e-01,1.365823753178119770e-01,3.817456029355525970e-01
1.280738183856010437e+01,9.575016174744813924e+00,1.374201175291091204e+00,2.481074923928827225e+00,2.306989887263625860e+00,8.256753600202501042e-01,2.078043084125965834e+00,1.192182525433600038e+00,2.765661038458347432e-01,5.743422627449036311e-01,1.236188389360904777e-01,2.098226778209209553e-01
1.790815879404544830e+01,8.473560304567218537e+00,5.509519114624708891e+00,1.341815706714987844e+00,1.195987763535231396e+00,1.269797153118997768e+00,2.216275795362889767e+00,1.151448704674840062e+00,2.231303244829178078e-01,3.775443799793720689e-01,3.982903860509395821e-01,4.108359746634960841e-01
1.336668038368225098e+01,1.028396347351372420e+00,8.005583887454122305e+00,1.910237441677600234e+00,1.586743014678359209e+00,1.101532153319567442e+00,1.569068453088402926e+00,1.355153176374733537e+00,3.189183972775936349e-01,1.303377188742160797e-01,1.828571461141109689e-01,1.730480179190635737e-01
1.657265540957450867e+01,7.445713170617819010e+00,2.741819210350513458e+00,2.155066722817719160e+00,1.641453308612108142e+00,2.327827229723334224e+00,1.206139168981462673e+00,1.093467345833778470e+00,4.144449010491371155e-01,4.546538278460502402e-01,3.334389604628086312e-01,2.550104469060897605e-01
1.215323399007320404e+01,4.951762430183589636e+00,1.076343911699950695e+01,1.189553125482052609e+00,1.141536362376064151e+00,1.741423141770064742e+00,1.834243112336844117e+00,7.959520420059561507e-01,1.186072386801242939e-01,2.002940312027931269e-01,1.476934112608432881e-01,3.173559941351413727e-01
8.712214291095733643e+00,2.797227146569639444e+00,1.176854713819921017e+00,1.917846826277673333e+00,2.013226559571921648e+00,1.200406937487423331e+00,1.953440759237855762e+00,7.047369055449962394e-01,2.527055181562900543e-01,3.615777365863322990e-01,2.813662365078926086e-01,6.921714618802070618e-01
4.242844477295875549e+00,2.223148868326097816e+00,6.118453597649931908e+00,2.171358592435717494e+00,1.754766846168786198e+00,1.042771047167480036e+00,1.051794739626348063e+00,9.077862784266471641e-01,1.473568812012672480e-01,6.179141774773597717e-01,8.712953202426433341e-01,1.055090442299842918e-01
1.584557642042636871e+01,4.496156111266463640e+00,1.717040104325860739e+00,1.725115810148417861e+00,1.472633730154484510e+00,1.911665450967848345e+00,1.452369916252791882e+00,1.280804074741900056e+00,6.168840974569320679e-01,3.818691581487655418e-01,2.259495012462139352e-01,6.007099747657775879e-01
1.128561833500862122e+01,2.938623337820172488e+00,1.058207781473174691e+01,9.706821466796100584e-01,2.291406446881592451e+00,9.521342447027564271e-01,1.359116137214005038e+00,1.126135267689824193e+00,5.509617775678634644e-01,2.300642140209674946e-01,1.907138109207153487e-01,3.774572126567363739e-01
9.097267478704452515e+00,1.159119054116308778e+00,2.337531439028680325e+00,1.452119093295186847e+00,1.374622166249900967e+00,1.450309391319751784e+00,1.124399034958332821e+00,9.299854276701807754e-01,1.523668430745601654e-01,4.332270763814449754e-01,6.443074710667133775e-01,3.048866108059883340e-01
1.809059129655361176e+01,8.312827733252197149e+00,9.030345857143402100e+00,2.290433114860206842e+00,1.527292714174836918e+00,1.517959816474467427e+00,1.097319104056805328e+00,6.675579719245433585e-01,5.248747445642948373e-01,2.093109838664531930e-01,4.765282578766346644e-01,5.210972800850868225e-01
1.020304651558399200e+01,1.804503931105136960e+00,7.824411577545106411e+00,1.677656367886811495e+00,1.899064172897487968e+00,2.010371730010956703e+00,2.050847199279814959e+00,1.060091784596443265e+00,7.616125300526619402e-01,1.006293341517448536e-01,1.274401471018791199e-01,1.316963702440261952e-01
8.382844343781471252e+00,4.976170377992093385e+00,5.284899650607258081e+00,2.497778678778558969e+00,9.302978741005063501e-01,2.083342206943780361e+00,2.239132009074091822e+00,1.252369649149477571e+00,3.600632585585117340e-01,3.095293074846268144e-01,6.872684530913829581e-01,1.609080202877521681e-01
1.987563815712928772e+01,9.399738306645303965e+00,4.021118736360222101e+00,2.106025951076298863e+00,8.915204640477896181e-01,1.584345696400851100e+00,1.525663429684937178e+00,1.009281528554856866e+00,3.293833278119564500e-01,1.177780710160732380e-01,1.810620218515396340e-01,3.231948561966418998e-01
1.533413784205913544e+01,1.994458814244717493e+00,9.482027259189635515e+00,1.132318166270852133e+00,1.225434764754027128e+00,9.978234537877143095e-01,2.153456340730190099e+00,7.435035094618797080e-01,2.251468926668167281e-01,3.651036612689495531e-01,3.875093132257462214e-01,2.608843922615051714e-01
7.442385211586952209e+00,7.861087694577872931e+00,7.916717251297086477e+00,1.373174417018890425e+00,1.703666440863162324e+00,2.125309995468705804e+00,1.406209891848266169e+00,8.509658671915530936e-01,4.884640596807002799e-01,4.690920755267143916e-01,2.397716127336025349e-01,6.988218948245048523e-01
6.883522018790245056e+00,1.558003081288188874e+00,1.466052961070090532e+00,8.815054396167397721e-01,9.893324119970202668e-01,2.348265520762652159e+00,2.346770120505243362e+00,6.897177010774612205e-01,1.086361803114414271e-01,8.262130521237850411e-01,2.553637303411960824e-01,5.370578221976757272e-01
1.845031005144119263e+01,1.239777741208672568e+00,1.038437537802383304e+01,1.854048719909042076e+00,1.818456181790679693e+00,1.388760254438966557e+00,2.280122729111462743e+00,8.424066839739680068e-01,2.747385539114475250e-01,5.869046911597252114e-01,1.155996039509773338e-01,4.598711431026458740e-01
1.860469444096088409e+01,5.864228807110339226e+00,1.084980993531644344e+00,1.392413080763071687e+00,1.283912898506969213e+00,2.225676554255187511e+00,1.684250876028090760e+00,1.208382393606007188e+00,1.331856049597263392e-01,2.378564566373825295e-01,1.380887404084205627e-01,1.672091022133827265e-01
1.418528157472610474e+01,3.407736097928136587e+00,1.243081965018063784e+01,1.965916203893721015e+00,8.334049828350544864e-01,2.057733973488211632e+00,1.037355072703212588e+00,1.442849442735314458e+00,4.373724475502968057e-01,4.920910298824310303e-01,3.304733410477638245e-01,4.049619756639003532e-01
1.679378582537174225e+01,7.797249270137399435e+00,1.004827668378129601e+01,1.030493590887636035e+00,2.491744328662753194e+00,1.873854538053274066e+00,2.299221984669566066e+00,8.869846262037753837e-01,5.314665392041206804e-01,4.472912535071372764e-01,6.972026489675045013e-01,1.401459626853466256e-01
1.573438706994056702e+01,7.236765291355550467e+00,5.933499244973063469e+00,2.430400122702121912e+00,1.766676987241953656e+00,1.781660123169422238e+00,1.756962525099516004e+00,1.104090009257197469e+00,1.670904666185379084e-01,8.094636298716068046e-01,3.650033444166184138e-01,3.681979969143868159e-01
1.683911210298538208e+01,1.382445171289146124e+00,3.275898635387420654e+00,1.737419855501502797e+00,1.266959273815154940e+00,8.154557118192315990e-01,1.563256402127444655e+00,1.032317909784615129e+00,7.026291288435458915e-01,2.144911319017410445e-01,5.254555433988571389e-01,2.302846483886241968e-01
6.086932823061943054e+00,3.035291859786957591e+00,2.464494858402758837e+00,1.466300538741052151e+00,1.580789680965244859e+00,2.107198712229728876e+00,1.012785724084824368e+00,1.180515100620687097e+00,4.670121029019356218e-01,1.630899392068386189e-01,1.445946708321571572e-01,7.253241516649723275e-01
1.419743515551090240e+01,7.048125792853533689e+00,1.255528090056031942e+00,8.003500403836369959e-01,2.059020495787263094e+00,1.002539945952594325e+00,1.972542647738009691e+00,1.537977480702102273e+00,2.037514187395572662e-01,2.717909112572670094e-01,4.968737818300724696e-01,3.156047306954861131e-01
1.852796554565429688e+01,4.554174720495939077e+00,1.223638739390298724e+01,2.438013322930783211e+00,2.395801210682839244e+00,1.579203585907817065e+00,9.462100981734693494e-01,1.335920142382383435e+00,3.010779097676277161e-01,4.237819239497184753e-01,2.845671154558658822e-01,2.528556719422340171e-01
1.485549688339233398e+01,2.414901937078684835e+00,1.055501828808337450e+01,2.124871497415006250e+00,1.517779134586453527e+00,1.760236453171819537e+00,2.362876132596284151e+00,9.347152071073651092e-01,1.883707739412784632e-01,5.036508798599242942e-01,4.693630136549472587e-01,2.073146350681781824e-01
6.999206453561782837e+00,7.662780669890343788e+00,1.185321459732949734e+01,1.888068147189915225e+00,1.889550802297890186e+00,1.296409531775861934e+00,1.621803073119372218e+00,7.920783901587128417e-01,3.250688627362251504e-01,6.121381707489490509e-01,1.204210117459297291e-01,6.459463171660899672e-01
7.424402773380279541e+00,1.901177395042032092e+00,5.413078871555626392e+00,2.458899163454771220e+00,1.122198012564331382e+00,1.467099102307110936e+00,2.130761900171637357e+00,1.005837860889732926e+00,2.704118818044662920e-01,2.925415843725204246e-01,1.860054522752762063e-01,5.842693135142326133e-01
1.528295227885246277e+01,8.409517848677932506e+00,4.193100979551672935e+00,1.846435114368796260e+00,2.450219794269651086e+00,2.062869750987738282e+00,1.390926636941731021e+00,6.132916280999779479e-01,4.087259970605373605e-01,1.979041494429111536e-01,4.351473532617092799e-01,1.689886331558227428e-01
1.999139903485774994e+01,9.643535595387220383e-01,9.289008215069770813e+00,1.511887488979846150e+00,2.004238449037075043e+00,2.220953323785215705e+00,2.489490321278572171e+00,9.090380113571882026e-01,1.113499134778976468e-01,3.443529732525348885e-01,2.462783776223659571e-01,4.063013859093189684e-01
8.499627530574798584e+00,5.986126759555190802e+00,8.396539472043514252e+00,1.332647718582302243e+00,1.935942101292312145e+00,1.455137752648443028e+00,1.302080000750720501e+00,1.103326617181301206e+00,1.812345579266548268e-01,1.267288431525230574e-01,5.400702536106110063e-01,2.690154559910297172e-01
1.018016588687896729e+01,7.919085300434380414e+00,5.859835847746580839e+00,1.090257072169333652e+00,9.930354383774102622e-01,9.436780945397913456e-01,1.115040308143943504e+00,9.206044817343354003e-01,5.795113362371921983e-01,3.365544527769088745e-01,2.999070949852467027e-01,2.478116899728775024e-01
9.923976927995681763e+00,4.632995031587779700e+00,3.470782830379903316e+00,8.673337216489017676e-01,1.222328510601073503e+00,1.305154740344733000e+00,2.448486533109098584e+00,1.436226623505354016e+00,4.232816785573959573e-01,5.717160306870937569e-01,5.558592125773430537e-01,1.072389841079711970e-01
1.474790386855602264e+01,9.496428569592534785e+00,9.202328335959464312e+00,2.030427391082048505e+00,1.814701269194483713e+00,1.890240153390914113e+00,9.693232509307563305e-01,1.080144659057259648e+00,6.385801948606968370e-01,2.753775842487812264e-01,1.334341689944267273e-01,7.742169342935085741e-01
5.689954310655593872e+00,2.488904491160065291e+00,2.148703535553067923e+00,1.192087378911673934e+00,1.887424905039370104e+00,1.928009346127510071e+00,8.357865097932517529e-01,8.493947045877575652e-01,2.856950841844081990e-01,4.508526660501956940e-01,7.902644976973534074e-01,1.529279850423336251e-01
9.019577309489250183e+00,9.893744627665729041e+00,1.133268818212673068e+01,2.165794353093951852e+00,2.381096876878291191e+00,2.088583362288773060e+00,1.888799657020717948e+00,1.051696226373314946e+00,3.813381999731063621e-01,2.035271711647510529e-01,5.783468827605248164e-01,4.155321791768074036e-01
7.880250304937362671e+00,4.421909611951559960e+00,1.039329358749091625e+01,1.228612570650875480e+00,9.452186712063849194e-01,2.279834604822099209e+00,1.447670157440006822e+00,1.526047626882791608e+00,6.871464520692824873e-01,2.608758799731731859e-01,4.493237607181072013e-01,1.303570076823234725e-01
8.587605670094490051e+00,7.290073724463581595e-01,6.284735760185867548e+00,1.807560807932168334e+00,1.613840706460178076e+00,2.372124673239886850e+00,9.083386307582259622e-01,7.461589913815259711e-01,2.141934230923652760e-01,6.980426996946335061e-01,5.128829717636108620e-01,3.523055516183376534e-01
8.670748487114906311e+00,6.427177077159285545e+00,1.214802250964567065e+01,8.517267731949687004e-01,8.938681142404676372e-01,1.860360613465309232e+00,1.215811771620064929e+00,8.384600834921002166e-01,4.815856531262397988e-01,1.756526388227939717e-01,1.412843503057956696e-01,5.752749159932136758e-01
1.222997799515724182e+01,6.107144322153180482e+00,2.553010542411357164e+00,1.790860308241099208e+00,1.729645175021141679e+00,1.106350777670741081e+00,8.569306873716414641e-01,6.857291426509618537e-01,3.474924042820930481e-01,4.362435400485992210e-01,2.765204146504401939e-01,4.028064407408237235e-01
1.656048648059368134e+01,3.650651354808360338e+00,1.092840109625831246e+01,1.461186551488935947e+00,2.115847915783524602e+00,1.264552910439669997e+00,1.955598391126841307e+00,9.497363114729523437e-01,2.448432184755802155e-01,2.843289226293563843e-01,4.923442795872688960e-01,1.654586046934127808e-01
1.710965521633625031e+01,7.170288988947867814e+00,4.532858185004442930e+00,1.182017745077609927e+00,1.349110598023981034e+00,1.512238699384033769e+00,9.967712696641684023e-01,6.595798762515187041e-01,3.525885783135891405e-01,6.141038842499255690e-01,4.015825897455215232e-01,2.022326447069645039e-01
9.222053274512290955e+00,3.140553112421184956e+00,5.831400005612522364e+00,1.423290972784161612e+00,1.827340488228947013e+00,1.976025311276316643e+00,1.737795685417950153e+00,1.020948595739901155e+00,1.143432229757309071e-01,5.196554422378539817e-01,1.507256112992763630e-01,6.385039769113063368e-01
9.817668884992599487e+00,7.792194695025682627e+00,9.380530983209609985e+00,1.824830949306488037e+00,1.299438032601028636e+00,1.218406500387936742e+00,2.227408241666853250e+00,1.406455976329743951e+00,2.808957427740097490e-01,2.549822106957435608e-01,1.780105851590633448e-01,7.343184955418110560e-01
1.325090439617633820e+01,9.927858899813145399e+00,5.322107207961380482e+00,8.576889683492482375e-01,2.174021343886852087e+00,1.746661051455885350e+00,2.294038749299943447e+00,1.500543574243784040e+00,1.399790972471237349e-01,3.068878404796123727e-01,2.429221361875534280e-01,2.563505753874778526e-01
1.795935970544815063e+01,2.522579149249941199e+00,8.171920693479478359e+00,2.486950543895363630e+00,1.671212043520063251e+00,2.323001867067068904e+00,1.267602686956524893e+00,1.267725558392703622e+00,4.425786934792995675e-01,1.603689156472682953e-01,4.259333103895187600e-01,3.191347174346447213e-01
1.640220347046852112e+01,8.285072458162904496e+00,1.539066955447196960e+00,1.889861441962420896e+00,9.570797014981509143e-01,2.154205899592489093e+00,2.432322824280709117e+00,1.585244645737111657e+00,1.599309898912906758e-01,5.411888942122459190e-01,4.664187565445899741e-01,4.573638722300529258e-01
1.506938983500003815e+01,6.757347288075834513e+00,8.580368642229586840e+00,1.564904745761305005e+00,1.603302587848156602e+00,2.457128292229026734e+00,1.677174227591604172e+00,8.041497128084301727e-01,5.383329294621944650e-01,1.032643534243106870e-01,5.955903984606266688e-01,2.353665314614772908e-01
4.577763348817825317e+00,1.426236853562295570e+00,9.113462385255843401e+00,1.279209140408784195e+00,1.481518074590712830e+00,1.323523242864757865e+00,1.131362398806959435e+00,1.582486355118453591e+00,5.690833605825901254e-01,3.241172447800636514e-01,2.892006978392601124e-01,4.976647995412349923e-01
1.189399780333042145e+01,3.727097123023122904e+00,1.724717728793621063e+00,1.856494982726871967e+00,8.660080725327135021e-01,1.628004058543592869e+00,1.226624838728457734e+00,8.031231010332703368e-01,1.295287691056728474e-01,7.361688859760761039e-01,7.730052717030048148e-01,2.196619614958763289e-01
1.600979174673557281e+01,1.125086259935051292e+00,5.947849094402045012e+00,2.253205446898937314e+00,2.310641030594706713e+00,2.495684972126036794e+00,8.525357608683408195e-01,1.426139077544212430e+00,6.099931634962558746e-01,2.628393046557903068e-01,1.304914839565753937e-01,5.240700453519820945e-01
6.758064359426498413e+00,4.443231105804443359e+00,6.573950265534222126e+00,1.143074966315180019e+00,2.186190086416900158e+00,1.183994131442159370e+00,1.364808241277933210e+00,7.613326091319322364e-01,1.705613449215889199e-01,1.141665101051330677e-01,5.488494746387004852e-01,4.190639302134514521e-01
1.046758066117763519e+01,6.936743744276463453e+00,6.908139093779027462e+00,2.108582889288663775e+00,1.845239516440778882e+00,1.344686289597302853e+00,2.417717888392508119e+00,9.953715534880757110e-01,4.749938584864139557e-01,3.685264021158218828e-01,7.322497002780438136e-01,1.564216010272503066e-01
9.362045466899871826e+00,5.348727156594395460e+00,1.434068023227155209e+00,1.033021296001970901e+00,1.533349592331796796e+00,1.687684208713471801e+00,1.644159745052456767e+00,8.676762621849775092e-01,6.641826182603836060e-01,2.984355218708515389e-01,4.397908985614776833e-01,3.804054267704487513e-01
1.380381737649440765e+01,7.503732019569724798e+00,1.048163310997188091e+01,1.981492614652961448e+00,2.365215595811605453e+00,1.146226240135729268e+00,1.285223335772752717e+00,1.023821357078850358e+00,5.050809770822525246e-01,3.400841921567916981e-01,3.810686759650707689e-01,6.040246114134788513e-01
1.747029337286949158e+01,5.048447548318653944e+00,2.999075703322887421e+00,1.273459277860820249e+00,1.905121272709220603e+00,1.437239042669534728e+00,2.390635221637785524e+00,7.250843722373246925e-01,8.024798534810543282e-01,1.928540170192718506e-01,1.875183038413524850e-01,7.667729906737804635e-01
6.170322760939598083e+00,9.699130822066218016e+00,8.775597920175641775e+00,2.421306344587355941e+00,8.082818044349551201e-01,2.020489413850009353e+00,8.981128126382827981e-01,1.150746414810419171e+00,2.371142938733100947e-01,6.604803696274756941e-01,5.231986097991466744e-01,1.021586626768112294e-01
7.722474232316017151e+00,9.210528288036584632e-01,3.816084068734198809e+00,1.956725530978292271e+00,1.793849535007029816e+00,1.819320184178650379e+00,2.057648216839879751e+00,1.452375403046608060e+00,3.669665902853012085e-01,2.410869173705577906e-01,5.824354477226734161e-01,2.654837585985660997e-01
4.494753763079643250e+00,4.205144965089857578e+00,1.216415842575952411e+01,1.933132215403020382e+00,1.820403816364705607e+00,1.689304788503795951e+00,1.433381611574441106e+00,1.491600039787590593e+00,7.930215582251548545e-01,1.733557797968387493e-01,5.736322335898876856e-01,1.599400080740451813e-01
1.917711344361305237e+01,9.300704093091189506e+00,6.438553145155310631e+00,9.712194030173123549e-01,1.218294257577508644e+00,1.529336725827306509e+00,2.062564355041831554e+00,8.842992795631289260e-01,1.716683439910411946e-01,6.799481682479381339e-01,1.402695707976818196e-01,7.211008295416831970e-01
1.103755807876586914e+01,9.373314294032752958e-01,5.142774430103600025e+00,1.633907738421112477e+00,2.440062575135379941e+00,2.018893846217542976e+00,1.110285423789173276e+00,7.729163890704512374e-01,3.083726525306701438e-01,5.854990944266319497e-01,4.885768115520477961e-01,3.316932380199432151e-01
7.735331788659095764e+00,8.342016410175711272e+00,8.351973882876336575e+00,1.724414826929569156e+00,2.042666759155690848e+00,2.263320141565054566e+00,1.704367563407868325e+00,9.759492859244346397e-01,2.118041448295116536e-01,7.319487765431403892e-01,2.801809728145599476e-01,2.943843014538288227e-01
6.184828028082847595e+00,2.270913018658757387e+00,3.158791661262512207e+00,2.188788735307753086e+00,1.116874985862523317e+00,2.413209324236959219e+00,1.195395668223500296e+00,8.147030644118785636e-01,3.915465719997882621e-01,3.633592717349529710e-01,2.145156070590019393e-01,1.327063441276550293e-01
1.060527417063713074e+01,9.715633858181536908e+00,1.032689628563821316e+01,1.062447501253336757e+00,1.453670288808643907e+00,1.817491169739514634e+00,1.843329278193414300e+00,1.078711026720702737e+00,2.878953620791435686e-01,1.160560451447963798e-01,4.041658803820610268e-01,4.949335522949696031e-01
1.404533036053180695e+01,7.541802762914448621e+00,1.950307494960725307e+00,2.005108776502311230e+00,2.338644880335777998e+00,1.070382156316191047e+00,1.936053808964788958e+00,9.221005350351333396e-01,1.282417103648185730e-01,4.704976722598076533e-01,3.628880567848682404e-01,5.205516263842583369e-01
5.016795933246612549e+00,6.926722010597586854e-01,9.361593618988990784e+00,1.166768795996904418e+00,2.265869364608079195e+00,1.047556063905358270e+00,2.015639626421034336e+00,6.909381052479147689e-01,5.945048749446869563e-01,2.963392451405525430e-01,5.072182066738605277e-01,3.055124029517173878e-01
1.834258826076984406e+01,5.383342725224792957e+00,3.682301876600831747e+00,1.678672265540808617e+00,1.622878961637616246e+00,2.164442086406052290e+00,1.373123297095298678e+00,1.333391293324530213e+00,3.659007795155048148e-01,5.506840109825134055e-01,1.785431392490863800e-01,5.630530394613743050e-01
1.045108006894588470e+01,4.463059884961694479e+00,2.375073347706347704e+00,2.287770417239516796e+00,1.994856324978172779e+00,9.535973530262709108e-01,2.120421974174678148e+00,1.472015108354389756e+00,1.041552945971488953e-01,6.591953106224537340e-01,4.299875959753990395e-01,1.774607203900814278e-01
7.334784507751464844e+00,3.709686516225338071e+00,6.151017315220087767e+00,1.309546533599495799e+00,1.508075801096856683e+00,1.346255904622375876e+00,2.207088706921786159e+00,1.371707175299525350e+00,1.959348373115062936e-01,4.934962451457977073e-01,2.543669342994689941e-01,3.768871150910854118e-01
1.187536121904850006e+01,6.203194138966500404e+00,7.344348055776208639e+00,2.035890631843358278e+00,1.062105807755142406e+00,1.182373127341270536e+00,1.579918550793081522e+00,1.138887978531420320e+00,4.995349287986755593e-01,2.392348259687423762e-01,4.643298983573913574e-01,2.392234101891517750e-01
1.976900546252727509e+01,4.029701144527644274e+00,8.550195325631648302e+00,2.276072444114833893e+00,2.390333285089582205e+00,2.312764967791736126e+00,2.326809459086507381e+00,1.527604314871132463e+00,2.362682156264782063e-01,1.446206368505954798e-01,1.130761973559856470e-01,6.012934476137161699e-01
1.284228067100048065e+01,8.268568241875618341e+00,5.965361400973051786e+00,1.595140051096677780e+00,1.576735130697488829e+00,2.321509764716028990e+00,1.477907419670373201e+00,6.401844903826713340e-01,1.153999097645282829e-01,2.854486159980297311e-01,5.608419679105282052e-01,1.391981624066829792e-01
1.452501641213893890e+01,5.098112098220735966e+00,8.457187019288539886e+00,8.812807101756334749e-01,2.094325856398790986e+00,1.770206768251955554e+00,8.198762077838183115e-01,1.445713027752935975e+00,5.137040242552757263e-01,4.762798942625522391e-01,2.010101810097694452e-01,1.681897088885307423e-01
1.367766040563583374e+01,7.150083974655717434e+00,2.984366215765476227e+00,2.354861477576196016e+00,1.131215983163565308e+00,1.262854393664747388e+00,1.746162443794310182e+00,1.573416903987526982e+00,3.221196226775646654e-01,1.593094348907470870e-01,5.210029400885105577e-01,3.950046241283416970e-01
1.709706087410449982e+01,4.693596023041754606e+00,1.051184549741446972e+01,9.893564156256616782e-01,1.624902543053031057e+00,1.108102279435843274e+00,1.071781594306230545e+00,1.308188076503574937e+00,2.203014135360717995e-01,3.113225251436233521e-01,7.102640666067600028e-01,2.326354153454303908e-01
1.928564776480197906e+01,1.523093225713819443e+00,2.222289701458066702e+00,1.484081211220473095e+00,2.142415398266166449e+00,1.393520876485854432e+00,1.304864280764013618e+00,1.004341790825128644e+00,6.216824643313885179e-01,1.019607827067375294e-01,4.511989861726760642e-01,2.598691254854202382e-01
4.152407228946685791e+00,7.523081437684595585e-01,2.040930948220193386e+00,1.252233548741787716e+00,9.717761950567365137e-01,2.090256239939480842e+00,1.673507970571518122e+00,1.424643441475927919e+00,2.602873727679252402e-01,1.285939492285251839e-01,4.067194588482380135e-01,2.450803980231285317e-01
8.572875335812568665e+00,8.157143264543265104e+00,1.145512932259589434e+01,1.986979347653687000e+00,1.357993530202656896e+00,1.926284097786992833e+00,1.046441428549587771e+00,1.222587015852332204e+00,3.566604740917682648e-01,3.758209712803364244e-01,2.244895823299885018e-01,3.827547721564770189e-01
1.201486298441886902e+01,9.093948641419411061e+00,3.247134611010551453e+00,1.014235453959554389e+00,2.193547058477997691e+00,9.599306995980442236e-01,9.266657186672091484e-01,1.317166711576283067e+00,4.219763047993183580e-01,2.372942894697189498e-01,1.581619843840599282e-01,6.079120337963104248e-01
1.356494665145874023e+01,3.153231036849319935e-01,8.261002219282090664e+00,1.612355085927993148e+00,1.260179460700601384e+00,1.162760060187429278e+00,1.867229493800550699e+00,1.480139173008501619e+00,1.797582916915416718e-01,6.673888988792896493e-01,1.486551046371460127e-01,5.712477155029773712e-01
1.076317168772220612e+01,5.141328004095703008e+00,2.446955819148570299e+00,2.136392365209758282e+00,2.301414330862462609e+00,2.278368331585079343e+00,1.238072291295975402e+00,9.033598130568861739e-01,7.583807930350303650e-01,1.858937762677669581e-01,5.655854344367980957e-01,3.097931638360023610e-01
9.006982967257499695e+00,2.472855876572430223e+00,6.530075913295149803e+00,2.345005974918604075e+00,2.078755398653447717e+00,1.697706305515020997e+00,1.800897181499749422e+00,1.387737669423222631e+00,2.396011523902416285e-01,7.194837242364883201e-01,2.839277975261211839e-01,4.445311948657035828e-01
5.704749971628189087e+00,9.917425322160124068e+00,6.954119116067886353e+00,9.996335499919951628e-01,1.738200412783771798e+00,2.373667838517576456e+00,1.119979473110288337e+00,1.122753057070076554e+00,3.430571436882019487e-01,5.729637503623962180e-01,4.974002830684185472e-01,1.817417137324810195e-01
5.366710349917411804e+00,4.650328779686241809e+00,4.842389433179050684e+00,2.244337604660540997e+00,1.416153887007385537e+00,1.456603601574897766e+00,1.516476961877196938e+00,7.265189303085207717e-01,4.521877408027649148e-01,2.016994848847389332e-01,4.746928386390208976e-01,4.890765227377414925e-01
9.907278448343276978e+00,7.106377117242663743e+00,8.641188923735171556e+00,1.113122495636343912e+00,9.133559321984648927e-01,8.611855866387486680e-01,2.164306653756648213e+00,1.022264251857996076e+00,1.557635240256786402e-01,4.560311958193778992e-01,2.565252713859081379e-01,1.268386453390121515e-01
1.347330643236637115e+01,5.587551623955368640e+00,6.059516481589525938e+00,2.060763216856867253e+00,1.788130756374448627e+00,2.026679940335452734e+00,2.470056898985057980e+00,8.690488463267683761e-01,2.154514841735363229e-01,1.070613704621791867e-01,1.229981482028961182e-01,8.512449763715267403e-01
1.779896926879882812e+01,3.092382355965674012e+00,7.432359246071428061e+00,1.301269089430570514e+00,2.241584454476833521e+00,2.204075799509882749e+00,1.423697144072503029e+00,6.336062535643577354e-01,3.175150156021118164e-01,3.598554722964764085e-01,3.083538353443145974e-01,5.138948515057564226e-01
1.291511224210262299e+01,3.847093818429857759e+00,1.119834361830726266e+01,2.339303157012909473e+00,8.023664940148592661e-01,1.796425551362335726e+00,1.283753115497529462e+00,6.709316311404108779e-01,3.827671535313129647e-01,5.882468208670615928e-01,1.822441384196281655e-01,7.129061952233314292e-01
1.172551986575126648e+01,9.039391126204282756e+00,5.427805495448410511e+00,1.362156705558299929e+00,1.909384552109986588e+00,1.638059476390480995e+00,1.926243093237280934e+00,1.345371063239872544e+00,5.541874110698700173e-01,2.588040024042129739e-01,5.038620635867119280e-01,1.556592889130115620e-01
4.806868389248847961e+00,6.003689516335725784e+00,9.902910328935831785e+00,1.673818070348352283e+00,2.130593249388039290e+00,1.306905941292643591e+00,2.236080665141344070e+00,1.063554068468511193e+00,1.445156261324882507e-01,6.967332176864147186e-01,4.341265149414539337e-01,3.274122983217239158e-01
4.667870849370956421e+00,3.254080971796065924e+00,8.369195707142353058e+00,2.482492479030042887e+00,1.201880764402449175e+00,1.602719349227845758e+00,1.081591917388141200e+00,9.512933999300002830e-01,6.941597208380698714e-01,1.242382332682609586e-01,1.700621798634529003e-01,6.911798223853111711e-01
1.623267264664173126e+01,4.171096635051071644e+00,6.691586409695446491e+00,1.541291044279933020e+00,2.030805728863924742e+00,2.137639654614031492e+00,9.886603103950619698e-01,1.041768485121429055e+00,5.344786033034324424e-01,4.638426028192043082e-01,2.097893036901951058e-01,3.183357842266559823e-01
1.487419879436492920e+01,9.836759258992969990e+00,4.309296375606209040e+00,2.304266525898128748e+00,1.242386041488498405e+00,2.219357468001544653e+00,2.274769316706806599e+00,1.536105099506676286e+00,4.341345116496085899e-01,4.194334961473942247e-01,7.686923772096634355e-01,2.267660476267338021e-01
1.841565908491611481e+01,2.391599985584616839e+00,9.186220523435622454e+00,9.336752057075501376e-01,9.014468170702457650e-01,2.064516381546854795e+00,1.600284561794251381e+00,1.240115531161427587e+00,1.360268123447895272e-01,2.728861995041370614e-01,5.501356631517410056e-01,3.891489773988724421e-01
1.851517331600189209e+01,7.030566576588898720e+00,5.636905608698725700e+00,2.205703239515423686e+00,2.279403533786535263e+00,1.121720029879361480e+00,1.034304032754153058e+00,6.251190103590488212e-01,2.717203386127948761e-01,5.015731059014797433e-01,5.774267524480819480e-01,2.818170771002769248e-01
1.395640759170055389e+01,8.016743802279234998e+00,9.783355107996612787e+00,8.307100835256279181e-01,1.979324805643409402e+00,8.138086822815240318e-01,1.348269310500472828e+00,1.405021939799189656e+00,6.300157897174358812e-01,1.395205318927764948e-01,4.595829509198665619e-01,4.098198913037777169e-01
1.906463918089866638e+01,3.743243894726038246e+00,1.198893045354634523e+01,1.714552858285605996e+00,1.293529998790472701e+00,1.004395201150327877e+00,1.762419291958212897e+00,9.150445669889449851e-01,3.265482239425182565e-01,1.968690976500511169e-01,5.181120887398720232e-01,1.450538627803325820e-01
1.905239395797252655e+01,7.218978449422865928e+00,1.689701823052018881e+00,1.053360584937035993e+00,2.412061583157628863e+00,2.055957339238375425e+00,8.249490020796657053e-01,1.066757961548864930e+00,1.084965407848358238e-01,3.671692043542862383e-01,6.592311955988406913e-01,2.344103448092937636e-01
1.736159501969814301e+01,9.151943444367498515e+00,9.976317709311842918e+00,1.421917153336107909e+00,1.257358588650822728e+00,2.142365111131220967e+00,1.485081551875919281e+00,1.247282771766185849e+00,5.069231443107128365e-01,1.695515796542167719e-01,1.058451503515243641e-01,2.573716118931770325e-01
1.475852961838245392e+01,1.256055161636322914e+00,9.015576049685478210e+00,1.311999715212732731e+00,2.460520908515900551e+00,1.585966691002249629e+00,1.312810100894421517e+00,1.383190045505762189e+00,2.005196280777454543e-01,2.428585819900035969e-01,8.086518131196499537e-01,1.436587549746036752e-01
8.401499763131141663e+00,7.449476490076631485e+00,9.736555551178753376e+00,2.252184666506946265e+00,1.205700317863374949e+00,1.679186328873038203e+00,2.380353679507970721e+00,7.134454393759369628e-01,2.174251660704612787e-01,6.126990027725696120e-01,1.754451915621757507e-01,1.803961969912052377e-01
1.625785200297832489e+01,2.816731581278145491e+00,1.139140766672790051e+01,2.068091378547251225e+00,2.427468857076019226e+00,1.425785814411938190e+00,1.632637145183980509e+00,1.074749286659061998e+00,4.556828208267689195e-01,5.213990211486816406e-01,4.269369192421436088e-01,5.667826376855373827e-01
9.959578022360801697e+00,3.312101203761995016e+00,4.677371246740221977e+00,1.654790941253304393e+00,1.925631652213632972e+00,1.934323568642139390e+00,1.426677672471851288e+00,8.959320219233631866e-01,3.847530424594879372e-01,2.826060861349105613e-01,1.161260068416595514e-01,2.437342613935470637e-01
5.250079840421676636e+00,5.805609084665775299e+00,8.829919449985027313e+00,1.584415679145604550e+00,2.316375557798892260e+00,2.081799332983791828e+00,2.452076333481818526e+00,6.301548559218644874e-01,2.826891772449016682e-01,4.344999611377716731e-01,3.026527583599090687e-01,3.809698499739170297e-01
5.662353500723838806e+00,1.182645090762525886e+00,6.718902638647705317e+00,1.979132691118866250e+00,1.157559263426810592e+00,1.325432250928133771e+00,1.882512419391423553e+00,1.232943455129861920e+00,1.218978993594646565e-01,7.901392295956611855e-01,3.252503275871276855e-01,2.976614587008953317e-01
9.110048502683639526e+00,8.587329739611595514e+00,6.789175194222480059e+00,1.272920419275760606e+00,1.596900018490850837e+00,1.044287968520075216e+00,8.370735323987901211e-01,1.531436355225741952e+00,4.200560390949249490e-01,5.429336175322533320e-01,1.434186577796936202e-01,3.354471251368522644e-01
6.418356254696846008e+00,6.479899581708013834e+00,2.634314067661762238e+00,1.756408057268708856e+00,9.548286912031471729e-01,9.506425381638110572e-01,1.572326143365353257e+00,7.485789427533745544e-01,8.781653210520744546e-01,1.049837566912174280e-01,8.193740360438823700e-01,1.573952876031398940e-01
1.211785213649272919e+01,6.682413597591221333e-01,1.006300879130139947e+01,1.755351118650287479e+00,1.499191273003816605e+00,2.048100978974253028e+00,1.651636008545756429e+00,1.163530754297971814e+00,2.431465849280357583e-01,4.013443753123283608e-01,2.176166065037250519e-01,5.246100246906281184e-01
8.559607744216918945e+00,2.206872628070414066e+00,1.874650349374860525e+00,9.934470528736710770e-01,2.371098923031240702e+00,8.696358566172421867e-01,2.009850038588047116e+00,1.321594645641744226e+00,1.778258189558983016e-01,1.617464743554592188e-01,1.528523430228233559e-01,4.971122555434703827e-01
4.230005756020545959e+00,9.651593725755811093e+00,1.164261937094852328e+01,2.364032698702067226e+00,1.871167382411658808e+00,1.448557899054139897e+00,9.105599852278829509e-01,1.556060692667961209e+00,4.798385687172412872e-01,3.082938663661479728e-01,3.659417852759361267e-01,1.344340667128562927e-01
1.588046903908252716e+01,1.933003388345241602e-01,2.409760407172143459e+00,1.213251869566738694e+00,1.221218879893422038e+00,1.764971489924937575e+00,1.608405495528131723e+00,6.474134404212236182e-01,5.417721919715404733e-01,1.820869147777557373e-01,1.083726964890956990e-01,4.073231436312199083e-01
1.279092726111412048e+01,2.153536157496273695e+00,7.706948167644441128e+00,2.235273373126983820e+00,2.157376698032021700e+00,1.271314394287764937e+00,2.428448203857988208e+00,7.780122527852654235e-01,3.442788347601890564e-01,4.526240922510623710e-01,6.133748382329941018e-01,2.308986566960811726e-01
1.984851142764091492e+01,5.194779347814619364e+00,4.766259817406535149e+00,1.556014109496027142e+00,1.383868732582777650e+00,1.226130053028464229e+00,1.588768674898892730e+00,1.391698936372995465e+00,4.042699038982391357e-01,3.180461399257182853e-01,2.595789670944214089e-01,5.156478554010391901e-01
1.199197655916213989e+01,4.893246360030024888e+00,6.345524971373379230e+00,9.428756219334900601e-01,1.861887822765857070e+00,1.825636027939617545e+00,2.329789569508284419e+00,1.280406682193279355e+00,2.660062424838542938e-01,4.220593258738517539e-01,3.114548675715923531e-01,1.309206143021583724e-01
7.282500341534614563e+00,7.349295029509812061e+00,7.173854424618184566e+00,2.308379873260855586e+00,2.195790771581232370e+00,2.404647029936313629e+00,1.230188078526407436e+00,1.484111887775361627e+00,3.639178574085235596e-01,2.700463309884071350e-01,1.198514692485332517e-01,4.935881339013576952e-01
6.856439992785453796e+00,3.443854919821024207e+00,2.203111432492733002e+00,2.029833429120480925e+00,1.269167754892259747e+00,2.281323805078864009e+00,2.416508495621383368e+00,1.305533611588180154e+00,2.342975005507469399e-01,6.252613238990306632e-01,1.854405291378498077e-01,3.303470090031623840e-01
1.829038023948669434e+01,4.382467748504131677e+00,9.644681830890476704e+00,1.090914294403046325e+00,2.098093526810407727e+00,1.534577114880085080e+00,2.110749042220413596e+00,1.210904321074485868e+00,1.994176134467124939e-01,7.866339042782783952e-01,2.441135033965110834e-01,6.539720930159091949e-01
1.864008475840091705e+01,9.025053318403660541e+00,1.784007703419774771e+00,2.368874316569417715e+00,9.260536380112172061e-01,2.291022146586328745e+00,1.853624857403338044e+00,8.259000744670629279e-01,2.082557663321495112e-01,4.388063728809357134e-01,2.212901398539543207e-01,7.747561089694500192e-01
1.052769081294536591e+01,1.280430802237242593e+00,3.351735305506736040e+00,1.703805776219815105e+00,2.254281976632773965e+00,1.190928784664720297e+00,8.942378882318735567e-01,9.646163735538720863e-01,4.715667076408863734e-01,3.457311518490314706e-01,3.700532384216785875e-01,3.844832487404347132e-01
6.198080211877822876e+00,8.685266254935413599e+00,1.015486057708039880e+01,1.641624695248901755e+00,1.803759472910314798e+00,1.338104814756661654e+00,1.919947682879865170e+00,6.670999484136700408e-01,1.736039742827415466e-01,1.993087925016880091e-01,1.612621493637561854e-01,2.472583293914795144e-01
7.632251083850860596e+00,2.072832586988806902e+00,4.972206919919699430e+00,1.043498597294092223e+00,8.245322847738862926e-01,1.648279947880655572e+00,9.794005096890032736e-01,8.808460900560021178e-01,4.281266748905182551e-01,5.053738594055176003e-01,1.456044606864452529e-01,1.854963548481464441e-01
1.107996995747089386e+01,9.517401774413883686e+00,8.546385725494474173e+00,2.194845532719045700e+00,1.320700925309211016e+00,9.356004278175533706e-01,2.058961774688214064e+00,6.454033892601728217e-01,1.263091437518596705e-01,7.526985913515090720e-01,3.356407336890697701e-01,4.478075802326202393e-01
4.387904137372970581e+00,5.514743394684046507e+00,1.146686880849301815e+00,8.347941977903247102e-01,1.020621826685965017e+00,1.052689460199326188e+00,2.156688509043306112e+00,1.365202973037958234e+00,5.719062097370625208e-01,3.905308894813060983e-01,6.021540582180022749e-01,2.696092523634433524e-01
1.555665442347526550e+01,3.052721791900694370e+00,3.032673234585672617e+00,1.905581127200275615e+00,1.843871779832988889e+00,9.363237807527184930e-01,1.254890150856226683e+00,9.460135813802480476e-01,1.982624374330043959e-01,5.528122112154960632e-01,2.030330255627632308e-01,2.289088971912860981e-01
7.665203154087066650e+00,7.064309002365916967e+00,1.363262731116265059e+00,2.089317639637738644e+00,1.365847686585039078e+00,2.173729399219155312e+00,2.208473849762230934e+00,8.347365263849496619e-01,3.350018471479415672e-01,6.568259827792644057e-01,3.508134521543979645e-01,6.176382355391979440e-01
6.223214536905288696e+00,3.544994643144309787e+00,7.993965516332536936e+00,1.810667866375297308e+00,2.085894528403878123e+00,2.290298537164926707e+00,1.488864760287106126e+00,1.017469067499041646e+00,2.679547265172004811e-01,2.384821608662605341e-01,3.415993653237819894e-01,5.558635279536247031e-01
1.054893939197063446e+01,6.039102051407098770e+00,5.497911453712731600e+00,1.534380130283534704e+00,1.732880321424454362e+00,1.727953947521746247e+00,2.082741147279739469e+00,7.509595671668648498e-01,3.651094652712345567e-01,4.912765011191367881e-01,1.273381911218166573e-01,8.186514966189861742e-01
1.411692333221435547e+01,6.339626582246273401e+00,9.561994675081223249e+00,2.476211317908018739e+00,8.641203211620450686e-01,1.186470836959779174e+00,2.441196071729064165e+00,6.561013985425233619e-01,4.062031127512455431e-01,1.456204436719417683e-01,2.936159878969192283e-01,1.906805038452148438e-01
1.865743137896060944e+01,3.884951669815928099e+00,3.921584838535636663e+00,8.717483231797814591e-01,1.254857691098004491e+00,1.343815121427178294e+00,1.342543168179690882e+00,8.584019126370548980e-01,1.018457964062690763e-01,3.999520115554332511e-01,4.750655680894851907e-01,4.283594675362110138e-01
1.196246105432510376e+01,9.880323370918631554e+00,2.730263815261423588e+00,2.414061759412288843e+00,2.137570305168628781e+00,1.086000442411750644e+00,1.074049982335418374e+00,1.435404816083610147e+00,1.724152527749538422e-01,3.643560715019703578e-01,1.921772219240665547e-01,6.721948772668838723e-01
1.540249846875667572e+01,7.686554597970098435e+00,1.233084749057888985e+01,1.450447306502610445e+00,1.309276717994362293e+00,1.826780097465962260e+00,1.007823342364281505e+00,1.588845288753509610e+00,2.063192926347255929e-01,2.225147396326065119e-01,2.256549134850502070e-01,3.497233591973781808e-01
1.982290646433830261e+01,2.806664687581360562e-01,1.165211537852883339e+00,1.804919644072651819e+00,8.093386417254806453e-01,2.402263470087200314e+00,2.034274192247539581e+00,1.292855774424970239e+00,3.107261985540390459e-01,4.697420001029968262e-01,4.430418029427528603e-01,2.874869957566261736e-01
4.895048558712005615e+00,2.971437281742692171e+00,1.106777362152934074e+01,1.404022493306547492e+00,1.350544400420039981e+00,1.103902443964034363e+00,1.933733151573687747e+00,7.987901385873555915e-01,2.761090256273746602e-01,4.047934256494045702e-01,5.317409165203571542e-01,1.874128721654415297e-01
6.706438660621643066e+00,1.038462255336344287e+00,2.823271136265248060e+00,1.022178291250020354e+00,2.320529873296618639e+00,1.402806561719626366e+00,2.170084875449538320e+00,1.475652841292321771e+00,6.776117458939552307e-01,2.084903426468372456e-01,2.781598448753357378e-01,1.082256361842155457e-01
1.456279066205024719e+01,8.763758256938308122e+00,1.617594587150961161e+00,1.259399910364300101e+00,1.098758401907980353e+00,1.654144217539578854e+00,1.429423485882580280e+00,1.118205712549388497e+00,8.393435038626194666e-01,1.015476226806640708e-01,3.303717963397503343e-01,5.445924282073975053e-01
5.624106690287590027e+00,1.925462558865547402e+00,8.310151274781674147e+00,2.124302390869706958e+00,9.589800175279379335e-01,1.739227888733148486e+00,1.243798430450260728e+00,1.356282288581132978e+00,4.863691531121731026e-01,3.254638284444809071e-01,5.997141055762768014e-01,3.283816635608672874e-01
1.148288568854331970e+01,7.436557175219058458e+00,7.721982838585972786e+00,1.293372255004942462e+00,2.368606179207563223e+00,1.767769227549433886e+00,1.654396618995815693e+00,9.717136029154062049e-01,5.821218632161617723e-01,3.828124359250069109e-01,4.287370368838310242e-01,2.136197715997696089e-01
8.722793519496917725e+00,2.041997156105935796e-01,1.027852764027193189e+01,1.516295808181166827e+00,2.172899251431226642e+00,2.128460759483277620e+00,1.383743028994649737e+00,1.456099097989499658e+00,4.133515313267708269e-01,5.226508595049381700e-01,7.221403308212757111e-01,1.289796829223632812e-01
4.193120732903480530e+00,4.504977527912705781e+00,9.471173811238259077e+00,8.866028090938926631e-01,2.445483240764588118e+00,2.186487705446779728e+00,2.285753015242517172e+00,1.159361587278544992e+00,3.867078281939030360e-01,4.537168383598327859e-01,1.368741482496261819e-01,6.686999619007110152e-01
1.208487670123577118e+01,5.422852817364036682e+00,7.905776108149439096e+00,1.499384521134197623e+00,1.223710002470761449e+00,8.701583776623010857e-01,1.325583908706903458e+00,1.520680752955377191e+00,1.499746158719063027e-01,3.624170608818531036e-01,4.858207009732723458e-01,2.785063609480857849e-01
1.662539139389991760e+01,2.928292186185717849e+00,5.589585021603852510e+00,1.862258565705269486e+00,1.557619486935436726e+00,1.445967424474656760e+00,2.351930853165685953e+00,1.255451901257038205e+00,4.455927945673465729e-01,1.081557847559452140e-01,2.953882239758968131e-01,3.407289795577526093e-01
1.720104891061782837e+01,6.447288009617477833e+00,1.203046789159998298e+01,2.114028505329042851e+00,2.330678857956081540e+00,1.330928755737841307e+00,1.398240147251635701e+00,1.541456075757742017e+00,1.503352247178554590e-01,5.902743041515350342e-01,2.110751487314701247e-01,4.790557429194450823e-01
1.426664303243160248e+01,8.593318992480636354e+00,4.647602583281695843e+00,9.249747840687633227e-01,1.715183054469525903e+00,1.633961773104965598e+00,1.090892746392637447e+00,8.244964893907308356e-01,5.482760466635226981e-01,1.524184547364711984e-01,7.261292949318886025e-01,2.008572302758693806e-01
9.993027910590171814e+00,8.302501597348600271e+00,1.074064398184418678e+00,1.478699734155088708e+00,2.493507932778447955e+00,9.839518991298974449e-01,1.764662132691591889e+00,7.882327552884816901e-01,4.786805599927902444e-01,1.311524413526058419e-01,3.874543860554695573e-01,5.593935921788215637e-01
1.343504196405410767e+01,9.258031730167568085e+00,1.084324223827570677e+01,2.425510386750102221e+00,1.615793282352387950e+00,1.930487169418483973e+00,1.910935252066701562e+00,6.968307005241513030e-01,3.375540822744369507e-01,4.822803005576133950e-01,4.459814824163913505e-01,4.373401559889317225e-01
1.785542614758014679e+01,1.814684315770864531e+00,2.642450035549700260e+00,8.161735233850777593e-01,1.165277314279228538e+00,2.087716554384678513e+00,8.123859499581158605e-01,9.308704141527414100e-01,2.419854961335659027e-01,2.349768355488777161e-01,2.352366961538791823e-01,1.996749371290207076e-01
8.427143350243568420e+00,2.308166621997952639e+00,7.558793024159967899e+00,1.199329696875065521e+00,1.514373554661870180e+00,1.152122242841869593e+00,1.031619402393698648e+00,1.002236239984631627e+00,1.238282635807991111e-01,5.735271617770195673e-01,3.216942697763442993e-01,6.227202616631984933e-01
8.035861760377883911e+00,9.390883992705493455e+00,1.178784362273290753e+01,1.244332293886691421e+00,1.857730210945010230e+00,8.112657542340457884e-01,2.186421158351004035e+00,8.880527796223759429e-01,6.742085829377174599e-01,2.459305934607982635e-01,2.826406173408031464e-01,3.583717592060565726e-01
1.259484519064426422e+01,7.871451743505895493e+00,2.914443637710064650e+00,2.181804757565259933e+00,9.765191433019936307e-01,1.970352917071431786e+00,2.332535598240792929e+00,9.799469303339719550e-01,5.080904975533485635e-01,3.910006836056709734e-01,1.476000607013702448e-01,6.324059829115867837e-01
7.492606773972511292e+00,5.658786730095743955e+00,4.800687443464994431e+00,1.795057662762701511e+00,2.394381214212626396e+00,1.144181584101170213e+00,1.869965608231723309e+00,1.106928107701242059e+00,2.276196926832199097e-01,6.081051617860794289e-01,7.551536023616790549e-01,1.364238232374191395e-01
1.034702977538108826e+01,6.373906225990503494e+00,3.546149590052664280e+00,1.181244564149528831e+00,1.074509681668132544e+00,1.588350406009703786e+00,1.996476394962519496e+00,1.207253219932317823e+00,2.724612928926944955e-01,4.423526920378207938e-01,5.292361661791801231e-01,3.373636394739151223e-01
5.775046527385711670e+00,3.418104572501033722e+00,4.461945640854537487e+00,1.077857864089310169e+00,1.806261991709470660e+00,2.146615688130259603e+00,1.850871216412633746e+00,1.563859796524047940e+00,5.661828421056270821e-01,3.702497273683548196e-01,4.320443518459796683e-01,4.635705851018429025e-01
9.452311471104621887e+00,5.873534831870347084e+00,9.018801772035658360e+00,2.283778788428753703e+00,2.250122746732086121e+00,1.869921530596911907e+00,1.176284519303590015e+00,1.329576944373548120e+00,8.633628517389297929e-01,1.222648620605468750e-01,2.490390904247760939e-01,1.007817700505256736e-01
1.069281326234340668e+01,1.735833652131259619e+00,1.149736935039982200e+01,2.492707439232617617e+00,2.452470704820007175e+00,2.451413837447762312e+00,2.393104774039238603e+00,8.451838199049234168e-01,1.320802189409732985e-01,7.824157886207103729e-01,5.049663290381432024e-01,2.417689189314842224e-01
1.733985196053981781e+01,4.316381612792611122e+00,7.812779711559414864e+00,2.042930339928716421e+00,9.218926348723471831e-01,1.618647274374962031e+00,1.916890780162066266e+00,1.468261578492820352e+00,6.000533126294612662e-01,2.182464309036731831e-01,3.970167264342308044e-01,5.395119637250900269e-01
1.113358129560947418e+01,7.807727795746177257e+00,6.482054107356816530e+00,1.895313745643943504e+00,1.518887471780181020e+00,2.221795002371072858e+00,1.412661980465054423e+00,1.006443370506167501e+00,4.649598561227321625e-01,3.129010215401649697e-01,5.893999934196472168e-01,1.784308545291423964e-01
1.124938791990280151e+01,1.392507096193730920e+00,6.830891514196991920e+00,8.759329832158982976e-01,2.213252972066402258e+00,1.583525901474058806e+00,2.177472784183919430e+00,9.118761694058775680e-01,2.939376384019851685e-01,1.488509356975555586e-01,6.363786689937114271e-01,2.888811580836773141e-01
1.067470863461494446e+01,8.005882578250021808e+00,1.827508644200861454e+00,1.341039283294230611e+00,1.226855166535824493e+00,1.406179480813443572e+00,1.628709009382873774e+00,6.981433419510721938e-01,3.015975490212440269e-01,5.558412648737430795e-01,6.708168633282184379e-01,1.256545767188072260e-01
5.857619419693946838e+00,7.058306620083748761e+00,9.213170859497040510e+00,1.691715722717344939e+00,1.112726949527859777e+00,1.498477655462920666e+00,8.868384202010930473e-01,1.417935341037809938e+00,7.997489541769028376e-01,1.936996445059776528e-01,3.921701893210410850e-01,3.539013408124447313e-01
1.252200740575790405e+01,1.911353796627372592e+00,1.040412261616438627e+01,1.646961480379104614e+00,1.875907050166279122e+00,9.318691198714077473e-01,1.582873720303177745e+00,8.758714174851774947e-01,7.259778954088688119e-01,1.707002043724060170e-01,2.750596813857555389e-01,5.475414499640465227e-01
1.183735890686511993e+01,6.639661111216992317e+00,4.630107552278786898e+00,2.160515784006565632e+00,8.352927088737488459e-01,2.472731122653931468e+00,1.787108495645225226e+00,1.515644780732691377e+00,1.108807832002639826e-01,6.764140322804450545e-01,6.106682948768138441e-01,3.838900126516818778e-01
4.630498975515365601e+00,8.399187434650958295e+00,1.198092557862401009e+01,9.847414825111627801e-01,1.503926146682351916e+00,2.138162026833742679e+00,2.323946494795381845e+00,7.332461638376116531e-01,5.877309158444404824e-01,2.635565586388111115e-01,3.273220002651214822e-01,1.119416892528534019e-01
1.777772068977355957e+01,7.929453332442790270e+00,1.103056632122024894e+01,1.955073199141770690e+00,1.753385759610682770e+00,1.451100814435631214e+00,1.775792945083230823e+00,1.050811239890754312e+00,4.239463001489639504e-01,4.021519184112548606e-01,1.889778688549995644e-01,2.829767316579818726e-01
1.344817210733890533e+01,5.235654613934457302e-01,2.476025234442204237e+00,1.406576176360249564e+00,2.090187496878206819e+00,8.654360148124397023e-01,1.147988881636410996e+00,8.463734410703181998e-01,1.211267374455928802e-01,2.557297974824905840e-01,3.798009708523750749e-01,3.456396616995334736e-01
5.337666437029838562e+00,9.487569682486356015e+00,1.267146246973425150e+00,1.218694137036800296e+00,8.684134986251592636e-01,2.204591889400035143e+00,1.895654049050062850e+00,9.576925694942474143e-01,3.578156739473342673e-01,1.597189880907535775e-01,2.287551797926425934e-01,7.077891372144222704e-01
1.360622668266296387e+01,5.147428193129599094e+00,1.186412279587239027e+01,1.841545745730400085e+00,9.313673013821244240e-01,1.701548987068235874e+00,1.541592445690184832e+00,1.204049438610673040e+00,2.866053722798824754e-01,5.188405320048332658e-01,3.539624229073524697e-01,2.256308071315288599e-01
1.674212883412837982e+01,6.867730394843965414e+00,8.094672771170735359e+00,1.121475180517882198e+00,2.144898259453475564e+00,2.092432280257344068e+00,1.614300244301557719e+00,1.100244365073740571e+00,2.134786501526832747e-01,3.284803085029125436e-01,1.303917974233627375e-01,4.261801891028881295e-01
1.203271457552909851e+01,4.413055740576237618e+00,5.424710866063833237e+00,2.120189065672457129e+00,1.698934700433164746e+00,1.925347547791898206e+00,2.261184907890856355e+00,1.398493040725588887e+00,3.163478054106235726e-01,1.764671705663204415e-01,3.384022086858749501e-01,1.889537557959556635e-01
4.174161732196807861e+00,5.970225316099821988e+00,4.204645278863608837e+00,1.879650477878749282e+00,1.326954911556094796e+00,1.564904060214757919e+00,1.308442211523652254e+00,1.259818874672055333e+00,1.546115413308143671e-01,2.834167316555976646e-01,2.904692076146602742e-01,5.518041789531707986e-01
1.926052488386631012e+01,6.436300617828965009e+00,4.383009800221771002e+00,1.660357747040689169e+00,1.840155783481896012e+00,2.340708418190479367e+00,1.670656370837241500e+00,7.110958745703100936e-01,5.148834668099880885e-01,2.600550480186939462e-01,2.459892794489860757e-01,5.432530656456947549e-01
1.140032796561717987e+01,3.641685367096215487e+00,5.959467337001115084e+00,2.326214301772415727e+00,1.362131886556744664e+00,1.134378051571548029e+00,9.296322274021804333e-01,1.072460660152137368e+00,7.515831798315047996e-01,1.562375426292419434e-01,3.939165778458119105e-01,1.037544995546341026e-01
7.827518016099929810e+00,6.097115294542163610e+00,7.557083899620920420e+00,9.291658657602965832e-01,9.692949551157653554e-01,1.394665196165442378e+00,2.002450773213058532e+00,8.052178047597408073e-01,6.559896551072597060e-01,3.019020706415176392e-01,1.874755807220935822e-01,4.660663940012454987e-01
5.420565709471702576e+00,2.628261197730898946e+00,7.131276446860283613e+00,1.965350339841097638e+00,1.642574995756149292e+00,1.866235938947647721e+00,1.717737989872694104e+00,8.653909428045153396e-01,1.377138167619705311e-01,6.639520317316055520e-01,6.003267168998718262e-01,1.338415876030921992e-01
1.011180824041366577e+01,2.531698264274746535e+00,3.010620088316500187e+00,1.598891368135809898e+00,9.174959129653871281e-01,1.775917331408709332e+00,2.472912488505244255e+00,1.145096443034708589e+00,5.608423307538032976e-01,2.760212235152721405e-01,3.368777506053447501e-01,3.620885841548443507e-01
4.971746817231178284e+00,6.766658476088196039e+00,2.251494536641985178e+00,2.429724216554313809e+00,2.357018667738884687e+00,1.743953351583331868e+00,1.182407881226390511e+00,6.828910460695624129e-01,4.581544890999794672e-01,2.313679225742817092e-01,6.909142240881920305e-01,2.955195449292660204e-01
1.980976097285747528e+01,8.860427498072386499e+00,1.215895289974287152e+01,1.177153949066996663e+00,2.034953762032091440e+00,1.349053898733109325e+00,1.085181187372654676e+00,1.187971633300185292e+00,1.301809929311275593e-01,2.931674793362617493e-01,3.843075849115848985e-01,1.955904737114906311e-01
1.548021903634071350e+01,1.417080415599048182e+00,1.358318062964826822e+00,2.170786446053534657e+00,2.421164662856608807e+00,1.181643086764961437e+00,1.732376971933990761e+00,1.455457716621458619e+00,4.273857504129410234e-01,4.397146329283714294e-01,1.969986297190189362e-01,4.328306518495083077e-01
1.192001868784427643e+01,1.135148184839636309e+00,1.093924370547756553e+01,1.414691508561372935e+00,1.556931992992758751e+00,1.709534491319209426e+00,2.037875252682715743e+00,1.545414001122117131e+00,3.934888869524002519e-01,1.971805952489376068e-01,2.320395603775978199e-01,5.576430588960648027e-01
1.047229097783565521e+01,9.682015903666615131e+00,4.544380806852132082e+00,8.433354111388325913e-01,2.323454707767814487e+00,1.904079270455986350e+00,8.650974133983254655e-01,1.243773509189486592e+00,2.106336608529091048e-01,5.043740555644035117e-01,2.728254765272140614e-01,6.194170512259006278e-01
1.870960885286331177e+01,5.358793507143855273e+00,9.391360097564756870e+00,1.897838233597576529e+00,2.479643138591200113e+00,2.407084583304822445e+00,2.092412559315562248e+00,9.983927555382251517e-01,3.322498716413975206e-01,1.640269257128238733e-01,3.475933633744716644e-01,3.390029855072498322e-01
1.400017078220844269e+01,2.864233207888901234e+00,4.115929442457854748e+00,1.357535398285836026e+00,1.976838749460875899e+00,1.821535088494420140e+00,1.464297070913016974e+00,7.622176570817827956e-01,2.350947037339210510e-01,3.159209437668323295e-01,1.337220989167690333e-01,2.763263106346130482e-01
7.717517867684364319e+00,3.279238430224359124e+00,1.195318684261292219e+01,1.528608770389110028e+00,2.378132728766650050e+00,1.525293057225644677e+00,1.272869614418596029e+00,7.085815755650400893e-01,1.061220191419124659e-01,8.802510894834995048e-01,4.234026625752449480e-01,5.024996928870678614e-01
